{
    "S": [
        [
            625.1999989246384,
            3244.79920581984,
            169.19991594323574,
            466.79992192460264,
            25.199997190520353
        ],
        [
            630.4099976238357,
            3271.838072960022,
            170.60971061417837,
            470.6896761523613,
            25.409989221719187
        ],
        [
            630.6704963498229,
            3273.1889296294676,
            170.6798976920433,
            470.88377018373495,
            25.420476323255926
        ],
        [
            630.6835201021175,
            3273.255385477769,
            170.6830102359272,
            470.89293284350924,
            25.420983581075436
        ],
        [
            630.6841701210599,
            3273.25761546652,
            170.68268102261757,
            470.89270281229284,
            25.420987289700296
        ],
        [
            630.6842014621819,
            3273.256625009155,
            170.6820975390149,
            470.8918593938658,
            25.420961310059003
        ],
        [
            630.6842018739757,
            3273.255462502705,
            170.68142454039182,
            470.89084422856763,
            25.4209293945335
        ],
        [
            630.6842007406747,
            3273.254279151658,
            170.68067509922082,
            470.88968139425293,
            25.420892769176138
        ],
        [
            630.6841995292406,
            3273.2530818708574,
            170.67985431362465,
            470.8883739397727,
            25.420851530258737
        ],
        [
            630.6841983114414,
            3273.2518707515756,
            170.67896655315778,
            470.88692374466524,
            25.42080571485797
        ]
    ],
    "Su": [
        [
            44.99957714276417,
            516.9173548324794,
            621.839318313313,
            103.99503136382266,
            652.9178278192011
        ],
        [
            44.999166061415075,
            516.8487545804351,
            621.6796601420566,
            103.99001790261642,
            652.8355072594464
        ],
        [
            44.99875680144576,
            516.7855538573255,
            621.5210291156461,
            103.9849608438591,
            652.753041468758
        ],
        [
            44.99834844023074,
            516.7250084396737,
            621.363426459794,
            103.97986106998647,
            652.6704325946366
        ],
        [
            44.997940651117666,
            516.6661476988864,
            621.2068517769385,
            103.97471927584125,
            652.587682235835
        ],
        [
            44.997533291682984,
            516.6085489642452,
            621.0512997502833,
            103.96953618116454,
            652.5047921275021
        ],
        [
            44.997126283702855,
            516.5519803506666,
            620.8967593431379,
            103.96431258097826,
            652.421764348705
        ],
        [
            44.99671957121262,
            516.4962759796556,
            620.743221992118,
            103.95904908457054,
            652.338600366666
        ],
        [
            44.99631311079891,
            516.4413071634272,
            620.5906784498338,
            103.95374624616105,
            652.2553014950671
        ],
        [
            44.9959068666387,
            516.3869676870925,
            620.4391187926916,
            103.94840458153696,
            652.1718689442353
        ]
    ],
    "N_0.00141372kg": [
        [
            0.08055765751605165,
            14.577218350273709,
            40.763164181316625,
            17.631422139836687,
            11.67238871688494
        ],
        [
            0.07937077109350331,
            15.014295137803005,
            70.95022860093616,
            34.77170743763998,
            22.137146942217978
        ],
        [
            0.07734926068628367,
            14.992505756988283,
            98.97661769662712,
            51.53878451122434,
            32.44856857612746
        ],
        [
            0.07602816120366246,
            15.037981817068705,
            125.09499687835346,
            67.99261656981604,
            42.634281478353905
        ],
        [
            0.0752262722123053,
            15.14187254787188,
            149.4909307324558,
            84.17094242495433,
            52.711638739593646
        ],
        [
            0.07477978814119511,
            15.281768594607847,
            172.3201581046009,
            100.10153816804701,
            62.693291365986745
        ],
        [
            0.07458529808302067,
            15.443878548313522,
            193.71353591544292,
            115.80543957209511,
            72.58866657810306
        ],
        [
            0.07456971982860043,
            15.618683410100013,
            213.78348029563725,
            131.29914285395068,
            82.40512838149422
        ],
        [
            0.07468097148462116,
            15.799697407182839,
            232.6280342678395,
            146.59575526772198,
            92.148457157646
        ],
        [
            0.07488060633839279,
            15.982291687354483,
            250.33401440506012,
            161.70589072829316,
            101.82326594459593
        ]
    ],
    "N_0.567kg": [
        [
            2.6471260243681396,
            737.718540586117,
            4317.743559067731,
            1045.0262345157723,
            774.0548294294325
        ],
        [
            1.0373369253407854,
            285.7057803824394,
            4233.145291642054,
            1048.90464244384,
            777.0407030182245
        ],
        [
            0.552177399695773,
            149.7457099607346,
            4150.266946928983,
            1052.6749624621866,
            779.9773656689194
        ],
        [
            0.4025738818853603,
            108.03220867639801,
            4069.123399800969,
            1056.3579130750763,
            782.8748313063273
        ],
        [
            0.3529383603286955,
            94.3540635284687,
            3989.7121134490267,
            1059.9667791558122,
            785.7394013573254
        ],
        [
            0.33321463957604797,
            89.031817292324,
            3912.016082977887,
            1063.5113376443578,
            788.575662320892
        ],
        [
            0.32296663649189683,
            86.3320322095215,
            3836.0065945476995,
            1066.9988675442548,
            791.3870043537095
        ],
        [
            0.3155350055321956,
            84.39164654304972,
            3761.6573595517375,
            1070.4350977508134,
            794.1760918994854
        ],
        [
            0.3090896123368255,
            82.70309927078718,
            3688.940241462804,
            1073.8245340063581,
            796.9450138878832
        ],
        [
            0.3031001267262127,
            81.12262669343717,
            3617.825723120513,
            1077.1707765273893,
            799.6954330807262
        ]
    ],