{
    "sat_lifetime": 5,
    "disposal_time": 25,
    "discount_rate": 0.05,
    "intercept": 750000.0,
    "coef": 100.0,
    "tax": 0,
    "delta_v_cost": 1000,
    "lift_price": 5000,
    "prob_of_non_compliance": 0,
    "bond": 100000,
    "pmd_rate": 0.9,
    "shell_cumulative_residence_times": [
        0.004730098345875542,
        0.017401573294400303,
        0.0476138401177861,
        0.1128133078343864,
        0.2416363959535149,
        0.4971522564292197,
        0.9874812709667831,
        1.8986020298499264,
        3.558967198082793,
        6.5155304302564385,
        11.75329711182626,
        20.97868625811664,
        36.30803543957056,
        61.78036509385262,
        102.64249901175003,
        164.27303662202644,
        257.2288628324573,
        387.178821374662,
        561.1327868451726,
        793.9945031136497,
        1080.7955725686772,
        1431.102586238252,
        1853.9083468766207,
        2337.50556505492,
        2890.64165155318,
        3523.3235949570662,
        4246.999452801718,
        5074.766009478396,
        6021.606375670836,
        7104.661848916008
    ],
    "total_deorbit_delta_v": [
        0.0,
        0.0,
        0.0,
        0.0,
        0.0,
        0.0,
        0.0,
        0.0,
        0.0,
        0.0,
        0.0,
        0.0,
        19.76435694589013,
        39.374226776794,
        58.83141220508048,
        78.13768700920382,
        97.29479663511377,
        116.30445878218546,
        135.16836397414218,
        153.8881761154384,
        172.46553303353878,
        190.9020470075141,
        209.19930528339282,
        227.35887057663297,
        245.38228156212259,
        263.27105335207364,
        281.02667796215417,
        298.650624766229,
        316.14434094001933,
        333.50925189401477
    ],
    "naturally_compliant_vector": [
        1.0,
        1.0,
        1.0,
        1.0,
        1.0,
        1.0,
        1.0,
        1.0,
        1.0,
        1.0,
        1.0,
        1.0,
        0.0,
        0.0,
        0.0,
        0.0,
        0.0,
        0.0,
        0.0,
        0.0,
        0.0,
        0.0,
        0.0,
        0.0,
        0.0,
        0.0,
        0.0,
        0.0,
        0.0,
        0.0
    ],
    "delta_v_after_deorbit": [
        134.35067108636008,
        112.71619445212497,
        105.28932153108767,
        102.43084896505356,
        101.22024390427448,
        100.61021121224144,
        100.31541860367582,
        100.16838164919346,
        100.09166037679253,
        100.05106592244917,
        100.02859720957211,
        100.01610848604975,
        80.24526146410805,
        60.63151655227706,
        41.17214029655376,
        21.864650211642797,
        2.7067410829207006,
        0.0,
        0.0,
        0.0,
        0.0,
        0.0,
        0.0,
        0.0,
        0.0,
        0.0,
        0.0,
        0.0,
        0.0,
        0.0
    ],
    "lifetime_after_deorbit": [
        5.0,
        5.0,
        5.0,
        5.0,
        5.0,
        5.0,
        5.0,
        5.0,
        5.0,
        5.0,
        5.0,
        5.0,
        4.011877194408221,
        3.031401724237364,
        2.0585338853777686,
        1.093206959921176,
        0.1353349730757471,
        0.0,
        0.0,
        0.0,
        0.0,
        0.0,
        0.0,
        0.0,
        0.0,
        0.0,
        0.0,
        0.0,
        0.0,
        0.0
    ],
    "total_lift_price": [
        1115000.0,
        1115000.0,
        1115000.0,
        1115000.0,
        1115000.0,
        1115000.0,
        1115000.0,
        1115000.0,
        1115000.0,
        1115000.0,
        1115000.0,
        1115000.0,
        1115000.0,
        1115000.0,
        1115000.0,
        1115000.0,
        1115000.0,
        1115000.0,
        1115000.0,
        1115000.0,
        1115000.0,
        1115000.0,
        1115000.0,
        1115000.0,
        1115000.0,
        1115000.0,
        1115000.0,
        1115000.0,
        1115000.0,
        1115000.0
    ],
    "lifetime_loss_cost": [
        0.0,
        0.0,
        0.0,
        0.0,
        0.0,
        0.0,
        0.0,
        0.0,
        0.0,
        0.0,
        0.0,
        0.0,
        148218.42083876682,
        295289.74136439536,
        441219.9171933347,
        586018.9560118236,
        729699.7540386379,
        750000.0,
        750000.0,
        750000.0,
        750000.0,
        750000.0,
        750000.0,
        750000.0,
        750000.0,
        750000.0,
        750000.0,
        750000.0,
        750000.0,
        750000.0
    ],
    "deorbit_maneuver_cost": [
        0.0,
        0.0,
        0.0,
        0.0,
        0.0,
        0.0,
        0.0,
        0.0,
        0.0,
        0.0,
        0.0,
        0.0,
        19764.35694589013,
        39374.22677679401,
        58831.41220508048,
        78137.68700920382,
        97294.79663511377,
        116304.45878218547,
        135168.36397414218,
        153888.1761154384,
        172465.53303353878,
        190902.0470075141,
        209199.3052833928,
        227358.87057663297,
        245382.28156212257,
        263271.05335207365,
        281026.67796215415,
        298650.624766229,
        316144.34094001935,
        333509.2518940148
    ],
    "stationkeeping_cost": [
        134350.6710863601,
        112716.19445212497,
        105289.32153108767,
        102430.84896505356,
        101220.24390427448,
        100610.21121224144,
        100315.41860367582,
        100168.38164919347,
        100091.66037679253,
        100051.06592244917,
        100028.59720957211,
        100016.10848604975,
        100009.61840999818,
        100005.74332907106,
        100003.55250163424,
        100002.33722084662,
        100001.53771803447,
        100001.09157066281,
        100000.80925470329,
        100000.59997030276,
        100000.48347265317,
        100000.3928665596,
        100000.32308026994,
        100000.2803761291,
        100000.24332248051,
        100000.21117083244,
        100000.18327195957,
        100000.15906272143,
        100000.13805463372,
        100000.11982395872
    ],
    "cost": [
        1249350.67108636,
        1227716.1944521249,
        1220289.3215310876,
        1217430.8489650534,
        1216220.2439042744,
        1215610.2112122416,
        1215315.418603676,
        1215168.3816491934,
        1215091.6603767925,
        1215051.065922449,
        1215028.597209572,
        1215016.1084860498,
        1234773.9753558885,
        1254379.970105865,
        1273834.9647067147,
        1293140.0242300504,
        1312296.334353148,
        1331305.5503528484,
        1350169.1732288455,
        1368888.7760857411,
        1387466.016506192,
        1405902.4398740737,
        1424199.6283636626,
        1442359.150952762,
        1460382.524884603,
        1478271.264522906,
        1496026.8612341138,
        1513650.7838289505,
        1531144.478994653,
        1548509.3717179736
    ],
    "v_drag": [
        4.580089478181344,
        1.6954925936166618,
        0.7052428708116893,
        0.324113195340475,
        0.16269918723659701,
        0.08136149496552486,
        0.04205581382344379,
        0.022450886559128757,
        0.012221383572336922,
        0.006808789659888691,
        0.00381296127628191,
        0.002147798139965161,
        0.0012824546664243074,
        0.0007657772094753472,
        0.0004736668845661051,
        0.0003116294462157262,
        0.00020502907126217852,
        0.0001455427550418607,
        0.00010790062710523488,
        7.999604036766571e-05,
        6.446302042286671e-05,
        5.2382207946939535e-05,
        4.3077369324671974e-05,
        3.7383483880145057e-05,
        3.244299740132075e-05,
        2.8156110992317062e-05,
        2.4436261275266692e-05,
        2.1208362857863183e-05,
        1.8407284495472348e-05,
        1.5976527829526178e-05
    ],
    "k_star": 11,