{
    "S": [
        [
            625.1999986770993,
            3244.799201034701,
            169.19991580274814,
            466.79992171847766,
            25.199997186073645
        ],
        [
            630.4099968143893,
            3271.8380417814324,
            170.6097088120854,
            470.6896734531264,
            25.409989158315263
        ],
        [
            630.6704949663762,
            3273.188865975146,
            170.6798931291121,
            470.88376327199956,
            25.420476168885774
        ],
        [
            630.6835181410637,
            3273.2552883786093,
            170.68300146838303,
            470.89291939944206,
            25.42098328522889
        ],
        [
            630.684167579875,
            3273.257484153668,
            170.6826666710104,
            470.8926805227176,
            25.420986801938454
        ],
        [
            630.6841983387328,
            3273.2564587864085,
            170.68207628531556,
            470.8918259548297,
            25.42096058002118
        ],
        [
            630.6841981663621,
            3273.255260718733,
            170.68139512333678,
            470.8907973449898,
            25.420928371817645
        ],
        [
            630.6841964471472,
            3273.254041189657,
            170.68063631076393,
            470.88961877646227,
            25.420891403300057
        ],
        [
            630.6841946481711,
            3273.2528071435227,
            170.67980499671705,
            470.88829330438205,
            25.420849770687674
        ],
        [
            630.6841928413048,
            3273.251558698617,
            170.67890559940258,
            470.8868228150511,
            25.420803511017628
        ]
    ],
    "Su": [
        [
            789.6615754812317,
            516.9173535897537,
            621.8393174967327,
            103.99503129855142,
            652.9178276416237
        ],
        [
            798.3215520837721,
            516.848747708675,
            621.6796555709418,
            103.99001709782814,
            652.8355049753357
        ],
        [
            802.5629523890365,
            516.7855394585326,
            621.521008825583,
            103.98495875998775,
            652.75303569667
        ],
        [
            805.257259310687,
            516.7249840043705,
            621.3633823941293,
            103.97985700289045,
            652.670421404063
        ],
        [
            807.4350962248064,
            516.6661123756925,
            621.2067760386836,
            103.97471252217494,
            652.5876636948785
        ],
        [
            809.3011226762891,
            516.6085024318794,
            621.051184664438,
            103.96952603953179,
            652.5047643051895
        ],
        [
            810.9891373204119,
            516.5519224317485,
            620.8965975518894,
            103.96429835227033,
            652.421725313985
        ],
        [
            812.5362803906125,
            516.4962065590189,
            620.743006396985,
            103.9590300707596,
            652.3385481857124
        ],
        [
            813.9687404571397,
            516.4412261384838,
            620.5904021943403,
            103.95372175055233,
            652.2552342321147
        ],
        [
            815.3019698956435,
            516.3868749565803,
            620.4387752510418,
            103.9483739088811,
            652.1717846620144
        ]
    ],
    "N_0.00141372kg": [
        [
            0.0858772865750376,
            14.79866623960368,
            40.9115670345573,
            17.71677024345134,
            11.709051336438224
        ],
        [
            0.08549653496286158,
            15.432698211180574,
            71.50262916094363,
            35.09831724579814,
            22.277646244611457
        ],
        [
            0.08357572103018363,
            15.426484622237211,
            99.92704887382813,
            52.11003936630787,
            32.694718682701556
        ],
        [
            0.08232120370944046,
            15.482782480788272,
            126.42769042248058,
            68.80894087660073,
            42.98666181429429
        ],
        [
            0.08157571773345171,
            15.59616350766985,
            151.19004227037354,
            85.23217780004454,
            53.170579656064156
        ],
        [
            0.08118005774804686,
            15.744872735581026,
            174.37033723437435,
            101.4073004313164,
            63.25902530080387
        ],
        [
            0.08103290948691855,
            15.915290983581755,
            196.10001730085565,
            117.35521261351079,
            73.26136727417679
        ],
        [
            0.08106192386475682,
            16.0980007901526,
            216.49213297067595,
            133.0923316707326,
            83.18493432470072
        ],
        [
            0.08121539900476597,
            16.286551750938685,
            235.64536040608786,
            148.63170472119603,
            93.03547939704269
        ],
        [
            0.08145512350124304,
            16.476342624818663,
            253.64713261005923,
            163.9838965667498,
            102.81759261093987
        ]
    ],
    "N_0.567kg": [
        [
            2.651530495949816,
            737.8340833086539,
            4317.813569457245,
            1045.0545641498413,
            774.0708308272643
        ],
        [
            1.0411487993411397,
            285.6248379429672,
            4233.418422348964,
            1049.0132429236976,
            777.1021556595872
        ],
        [
            0.5571842482582255,
            149.989464987158,
            4150.7358068158965,
            1052.8652070347716,
            780.0850800033612
        ],
        [
            0.4079584748109933,
            108.37516474950645,
            4069.7855339456983,
            1056.6302510094529,
            783.029134919241
        ],
        [
            0.35846134538942986,
            94.73028009685034,
            3990.5644774224693,
            1060.3214668755277,
            785.940511087666
        ],
        [
            0.3388076421906648,
            89.42286042640787,
            3913.0554366395872,
            1063.9485555884785,
            788.8237512603062
        ],
        [
            0.32860312678628395,
            86.73086422613979,
            3837.2297353674408,
            1067.5187512180119,
            791.6822195895652
        ],
        [
            0.3212065490952022,
            84.7962247361787,
            3763.0611062009257,
            1071.0377555356486,
            794.5185648065284
        ],
        [
            0.31479280428356976,
            83.11273167755132,
            3690.5214364745952,
            1074.5100531372234,
            797.3348635329597
        ],
        [
            0.3088330847701324,
            81.5370151448376,
            3619.581238251102,
            1077.9392265657352,
            800.1327682286475
        ]
    ],