{
    "S": [
        [
            3377.999994330374,
            617.9997908114649,
            509.99988665886747,
            25.1999976288272
        ],
        [
            3406.1499864450607,
            623.1494021700652,
            514.249576190462,
            25.409990821718687
        ],
        [
            3407.5574781920864,
            623.4064453474906,
            514.4615849979151,
            25.420479869619722
        ],
        [
            3407.6278449030706,
            623.4188410827377,
            514.4715439013859,
            25.42098984495839
        ],
        [
            3407.631355459827,
            623.4190031328674,
            514.4712399567342,
            25.420997076612753
        ],
        [
            3407.6315233474297,
            623.4185593869191,
            514.4702672897141,
            25.42097544345529
        ],
        [
            3407.631524248934,
            623.4180936897436,
            514.4691099231427,
            25.42094869489098
        ],
        [
            3407.6315169439554,
            623.4176356363324,
            514.4677960176583,
            25.420918068509163
        ],
        [
            3407.63150936201,
            623.41718628229,
            514.4663306498479,
            25.420883672010504
        ],
        [
            3407.6315018888963,
            623.4167449730913,
            514.4647174979191,
            25.420845553016132
        ]
    ],
    "Su": [
        [
            681.6843741183873,
            767.8201275312337,
            382.95571059549223,
            661.9289948626717
        ],
        [
            702.1224434512726,
            767.6596356626548,
            382.91130975764213,
            661.8578607833713
        ],
        [
            717.5385953809044,
            767.5133021995243,
            382.86680604981694,
            661.7866035230322
        ],
        [
            728.0353278932511,
            767.3776403069269,
            382.8222045601399,
            661.7152251559664
        ],
        [
            735.6559535297674,
            767.2499873567335,
            382.77751057802794,
            661.6437284787356
        ],
        [
            741.3126498373673,
            767.1283940723908,
            382.73272876056166,
            661.5721159094467
        ],
        [
            745.5543630508308,
            767.0114357458611,
            382.6878632800203,
            661.5003895952465
        ],
        [
            748.812382504044,
            766.8980681038973,
            382.6429179266302,
            661.4285514743632
        ],
        [
            751.3485625481507,
            766.7875234711385,
            382.59789617994085,
            661.3566033170123
        ],
        [
            753.3652667063352,
            766.6792354721372,
            382.5528012606413,
            661.2845467537785
        ]
    ],
    "N_0.00141372kg": [
        [
            0.0843180352216343,
            29.324655529239976,
            25.62047385390956,
            12.243557571121858
        ],
        [
            0.09212893477438315,
            38.53662846849963,
            47.45321852055202,
            23.268805126949676
        ],
        [
            0.09366559525691315,
            41.996890606234516,
            68.50005049265361,
            34.05974091988365
        ],
        [
            0.09249642246959175,
            42.84757499118943,
            88.8501296403183,
            44.646058094061324
        ],
        [
            0.09030464202589998,
            42.58588482214337,
            108.57815333581247,
            55.05221862339615
        ],
        [
            0.08783638805799338,
            41.89781947878952,
            127.74312192832974,
            65.29742966986603
        ],
        [
            0.08540420944684943,
            41.08733334654843,
            146.39226898948738,
            75.39693196766281
        ],
        [
            0.08312671473725416,
            40.2830171313899,
            164.56416573121132,
            85.36304903408187
        ],
        [
            0.08103691977961568,
            39.53412462809618,
            182.29091662991763,
            95.20593124265321
        ],
        [
            0.07913299636437147,
            38.85505076013914,
            199.59971735635403,
            104.93408246645963
        ]
    ],
    "N_0.567kg": [
        [
            4.373518362739021,
            3693.3604990570743,
            2164.0716357546407,
            1033.9322405425344
        ],
        [
            3.2099245656205015,
            2703.2334762623086,
            2161.952010399739,
            1036.7890400606511
        ],
        [
            2.362510035943628,
            1982.4087578625602,
            2159.6411828566966,
            1039.5644143356294
        ],
        [
            1.7469044888746132,
            1459.0121953740468,
            2157.170895949639,
            1042.2695890018163
        ],
        [
            1.2994869663000423,
            1078.8409389730086,
            2154.5668280000564,
            1044.9137624348016
        ],
        [
            0.9740876352259147,
            802.5638139496797,
            2151.849031436504,
            1047.5041574330548
        ],
        [
            0.7372743032932764,
            601.7017658308301,
            2149.0333294968977,
            1050.0465019790593
        ],
        [
            0.5648018260401605,
            455.6019581991688,
            2146.132434252317,
            1052.545422948678
        ],
        [
            0.43907453018928827,
            349.27678297881266,
            2143.156741260824,
            1055.0047260189383
        ],
        [
            0.3473180661495928,
            271.84587712749214,
            2140.114895649914,
            1057.4275942747438
        ]
    ],
    "B": [
        [
            0.42049265718336426,
            358.6259239386662,
            288.76742744774367,
            139.9608518958924
        ],
        [
            0.4032472418575495,
            343.9159255143822,
            288.5349013064799,
            139.92166224554586
        ],
        [
            0.3867248252243457,
            329.82498332404185,
            288.3024293641202,
            139.88243310549356
        ],
        [
            0.370899678491373,
            316.32866502660124,
            288.0700201380508,
            139.84316533719291
        ],
        [
            0.3557392429570037,
            303.39918490586274,
            287.83768066612606,
            139.80386001111344
        ],
        [
            0.34121351326540067,
            291.010970643466,
            287.6054172399394,
            139.7645180587729
        ],
        [
            0.32729451635991236,
            279.14017841774444,
            287.373235526031,
            139.72514031045387
        ],
        [
            0.3139559567901906,
            267.7643913150439,
            287.1411406868047,
            139.68572751800144
        ],
        [
            0.3011729838051578,
            256.8624217568778,
            286.90913747080646,
            139.64628037006014
        ],
        [
            0.288922027686988,
            246.4141728013517,
            286.677230282066,
            139.6067995027779
        ]
    ]
}