{
    "sat_lifetime": 5,
    "disposal_time": 5,
    "discount_rate": 0.05,
    "intercept": 750000.0,
    "coef": 100.0,
    "tax": 0,
    "delta_v_cost": 1000,
    "lift_price": 5000,
    "prob_of_non_compliance": 0,
    "bond": null,
    "pmd_rate": 0.9,
    "shell_cumulative_residence_times": [
        0.004730098345875542,
        0.017401573294400303,
        0.0476138401177861,
        0.1128133078343864,
        0.2416363959535149,
        0.4971522564292197,
        0.9874812709667831,
        1.8986020298499264,
        3.558967198082793,
        6.5155304302564385,
        11.75329711182626,
        20.97868625811664,
        36.30803543957056,
        61.78036509385262,
        102.64249901175003,
        164.27303662202644,
        257.2288628324573,
        387.178821374662,
        561.1327868451726,
        793.9945031136497,
        1080.7955725686772,
        1431.102586238252,
        1853.9083468766207,
        2337.50556505492,
        2890.64165155318,
        3523.3235949570662,
        4246.999452801718,
        5074.766009478396,
        6021.606375670836,
        7104.661848916008
    ],
    "total_deorbit_delta_v": [
        0.0,
        0.0,
        0.0,
        0.0,
        0.0,
        0.0,
        0.0,
        0.0,
        0.0,
        20.239568259394943,
        40.31842250176576,
        60.23846774112945,
        80.00157793495038,
        99.60959663976502,
        119.0643376496702,
        138.36758561819704,
        157.52109666411053,
        176.52659896160372,
        195.3857933154075,
        214.10035372121843,
        232.67192791196373,
        251.102137890273,
        269.3925804476024,
        287.54482767040076,
        305.56042743371086,
        323.4409038825836,
        341.18775790164295,
        358.8024675731806,
        376.28648862407897,
        393.6412548619428
    ],
    "naturally_compliant_vector": [
        1.0,
        1.0,
        1.0,
        1.0,
        1.0,
        1.0,
        1.0,
        1.0,
        1.0,
        0.0,
        0.0,
        0.0,
        0.0,
        0.0,
        0.0,
        0.0,
        0.0,
        0.0,
        0.0,
        0.0,
        0.0,
        0.0,
        0.0,
        0.0,
        0.0,
        0.0,
        0.0,
        0.0,
        0.0,
        0.0
    ],
    "delta_v_after_deorbit": [
        134.35067108636008,
        112.71619445212497,
        105.28932153108767,
        102.43084896505356,
        101.22024390427448,
        100.61021121224144,
        100.31541860367582,
        100.16838164919346,
        100.09166037679253,
        79.81149766305423,
        59.71017470780635,
        39.7776407449203,
        20.008040475047807,
        0.39614668930605035,
        0.0,
        0.0,
        0.0,
        0.0,
        0.0,
        0.0,
        0.0,
        0.0,
        0.0,
        0.0,
        0.0,
        0.0,
        0.0,
        0.0,
        0.0,
        0.0
    ],
    "lifetime_after_deorbit": [
        5.0,
        5.0,
        5.0,
        5.0,
        5.0,
        5.0,
        5.0,
        5.0,
        5.0,
        3.988538099380026,
        2.984655207285685,
        1.9885617100603592,
        1.000305810238326,
        0.019806196930236348,
        0.0,
        0.0,
        0.0,
        0.0,
        0.0,
        0.0,
        0.0,
        0.0,
        0.0,
        0.0,
        0.0,
        0.0,
        0.0,
        0.0,
        0.0,
        0.0
    ],
    "total_lift_price": [
        1115000.0,
        1115000.0,
        1115000.0,
        1115000.0,
        1115000.0,
        1115000.0,
        1115000.0,
        1115000.0,
        1115000.0,
        1115000.0,
        1115000.0,
        1115000.0,
        1115000.0,
        1115000.0,
        1115000.0,
        1115000.0,
        1115000.0,
        1115000.0,
        1115000.0,
        1115000.0,
        1115000.0,
        1115000.0,
        1115000.0,
        1115000.0,
        1115000.0,
        1115000.0,
        1115000.0,
        1115000.0,
        1115000.0,
        1115000.0
    ],
    "lifetime_loss_cost": [
        0.0,
        0.0,
        0.0,
        0.0,
        0.0,
        0.0,
        0.0,
        0.0,
        0.0,
        151719.28509299608,
        302301.71890714724,
        451715.74349094613,
        599954.128464251,
        747029.0704604646,
        750000.0,
        750000.0,
        750000.0,
        750000.0,
        750000.0,
        750000.0,
        750000.0,
        750000.0,
        750000.0,
        750000.0,
        750000.0,
        750000.0,
        750000.0,
        750000.0,
        750000.0,
        750000.0
    ],
    "deorbit_maneuver_cost": [
        0.0,
        0.0,
        0.0,
        0.0,
        0.0,
        0.0,
        0.0,
        0.0,
        0.0,
        20239.568259394942,
        40318.42250176576,
        60238.46774112945,
        80001.57793495037,
        99609.59663976502,
        119064.3376496702,
        138367.58561819704,
        157521.09666411052,
        176526.5989616037,
        195385.7933154075,
        214100.35372121842,
        232671.92791196372,
        251102.137890273,
        269392.58044760244,
        287544.8276704008,
        305560.42743371084,
        323440.9038825836,
        341187.75790164294,
        358802.4675731806,
        376286.488624079,
        393641.2548619428
    ],
    "stationkeeping_cost": [
        134350.6710863601,
        112716.19445212497,
        105289.32153108767,
        102430.84896505356,
        101220.24390427448,
        100610.21121224144,
        100315.41860367582,
        100168.38164919347,
        100091.66037679253,
        100051.06592244917,
        100028.59720957211,
        100016.10848604975,
        100009.61840999818,
        100005.74332907106,
        100003.55250163424,
        100002.33722084662,
        100001.53771803447,
        100001.09157066281,
        100000.80925470329,
        100000.59997030276,
        100000.48347265317,
        100000.3928665596,
        100000.32308026994,
        100000.2803761291,
        100000.24332248051,
        100000.21117083244,
        100000.18327195957,
        100000.15906272143,
        100000.13805463372,
        100000.11982395872
    ],
    "cost": [
        1249350.67108636,
        1227716.1944521249,
        1220289.3215310876,
        1217430.8489650534,
        1216220.2439042744,
        1215610.2112122416,
        1215315.418603676,
        1215168.3816491934,
        1215091.6603767925,
        1235290.634181844,
        1255347.0197113378,
        1275254.5762271793,
        1295011.1963449486,
        1314615.339968836,
        1334067.8901513044,
        1353369.9228390437,
        1372522.6343821448,
        1391527.6905322666,
        1410386.602570111,
        1429100.9536915212,
        1447672.411384617,
        1466102.5307568326,
        1484392.9035278722,
        1502545.1080465298,
        1520560.6707561912,
        1538441.115053416,
        1556187.9411736026,
        1573802.626635902,
        1591286.6266787127,
        1608641.3746859014
    ],
    "v_drag": [
        4.580089478181344,
        1.6954925936166618,
        0.7052428708116893,
        0.324113195340475,
        0.16269918723659701,
        0.08136149496552486,
        0.04205581382344379,
        0.022450886559128757,
        0.012221383572336922,
        0.006808789659888691,
        0.00381296127628191,
        0.002147798139965161,
        0.0012824546664243074,
        0.0007657772094753472,
        0.0004736668845661051,
        0.0003116294462157262,
        0.00020502907126217852,
        0.0001455427550418607,
        0.00010790062710523488,
        7.999604036766571e-05,
        6.446302042286671e-05,
        5.2382207946939535e-05,
        4.3077369324671974e-05,
        3.7383483880145057e-05,
        3.244299740132075e-05,
        2.8156110992317062e-05,
        2.4436261275266692e-05,
        2.1208362857863183e-05,
        1.8407284495472348e-05,
        1.5976527829526178e-05
    ],